Date;Level;Message
"2025-01-15 07:32:01";NOTICE;"Post updated: 49542"
"2025-01-15 07:32:01";NOTICE;"Post updated: 49542"
"2025-01-15 07:38:56";NOTICE;"Post updated: 49536"
"2025-01-15 07:38:56";NOTICE;"Post updated: 49536"
"2025-01-15 07:39:34";NOTICE;"Post updated: 49536"
"2025-01-15 07:39:35";NOTICE;"Post updated: 49536"
"2025-01-15 07:39:35";NOTICE;"Post updated: 49536"
"2025-01-15 07:41:00";NOTICE;"Post updated: 49536"
"2025-01-15 07:41:00";NOTICE;"Post updated: 49536"
"2025-01-15 07:42:47";NOTICE;"Post updated: 49542"
"2025-01-15 07:42:47";NOTICE;"Post updated: 49542"
"2025-01-15 08:03:09";NOTICE;"Post updated: 11196"
"2025-01-15 08:03:09";NOTICE;"Post updated: 11196"
"2025-01-15 12:15:07";NOTICE;"Post updated: 52186"
"2025-01-15 12:15:15";NOTICE;"Post updated: 52186"
"2025-01-15 12:18:15";NOTICE;"Post updated: 52186"
"2025-01-15 12:18:16";NOTICE;"Post updated: 52186"
"2025-01-15 12:18:23";NOTICE;"Post updated: 52188"
"2025-01-15 12:18:28";NOTICE;"Post updated: 52188"
"2025-01-15 12:32:24";NOTICE;"Post updated: 49401"
"2025-01-15 12:32:26";NOTICE;"Post updated: 49401"
"2025-01-15 12:32:27";NOTICE;"Post updated: 49401"
"2025-01-15 12:33:18";NOTICE;"Post updated: 49401"
"2025-01-15 12:33:20";NOTICE;"Post updated: 49401"
"2025-01-15 12:53:45";NOTICE;"Post updated: 52188"
"2025-01-15 12:53:46";NOTICE;"Post updated: 52188"
"2025-01-15 12:53:46";NOTICE;"Post updated: 52188"
